<?xml version="1.0" encoding="UTF-8"?>
<project-private xmlns="http://www.netbeans.org/ns/project-private/1">
    <editor-bookmarks xmlns="http://www.netbeans.org/ns/editor-bookmarks/2" lastBookmarkId="0"/>
    <open-files xmlns="http://www.netbeans.org/ns/projectui-open-files/2">
        <group>
            <file>file:/C:/Users/julio_busarello/Documents/GitHub/Senai/DESI/Programação%20de%20Aplicativos/Java/Carro/src/view/CarroView.java</file>
            <file>file:/C:/Users/julio_busarello/Documents/GitHub/Senai/DESI/Programação%20de%20Aplicativos/Java/Carro/src/dao/CarroDao.java</file>
            <file>file:/C:/Users/julio_busarello/Documents/GitHub/Senai/DESI/Programação%20de%20Aplicativos/Java/Carro/src/model/Carro.java</file>
        </group>
    </open-files>
</project-private>
